INSERT INTO `form` (`id`, `form_id`, `form_name`) VALUES (1, 'MUNICIPALITY_RESIDENT_FORM', 'Municipality Residents Information Form');

INSERT INTO `options` (`id`, `option_id`, `option_text`, `question_id`) VALUES
	(1, 1, 'नेपाली', 8),
	(2, 2, 'मैथिली', 8),
	(3, 3, 'भोजपुरी', 8),
	(4, 4, 'थारु', 8),
	(5, 5, 'तामाङ', 8),
	(6, 6, 'नेवार', 8),
	(7, 7, 'मगर', 8),
	(8, 8, 'बज्जिका', 8),
	(9, 9, 'उर्दु', 8),
	(10, 10, 'अवाधी', 8),
	(11, 11, 'लिम्बु', 8),
	(12, 12, 'गुरुङ', 8),
	(13, 13, 'अन्य', 8),
	(14, 1, 'क्षेत्री', 9),
	(15, 2, 'ब्राह्मण', 9),
	(16, 3, 'जनजाति', 9),
	(17, 4, 'दलित', 9),
	(18, 5, 'मधेशी', 9),
	(19, 6, 'मुस्लिम', 9),
	(20, 7, 'अन्य', 9),
	(21, 1, 'हिन्दु', 10),
	(22, 2, 'बौद्ध', 10),
	(23, 3, 'इस्लाम', 10),
	(24, 4, 'किँरात', 10),
	(25, 5, 'ईसाई', 10),
	(26, 6, 'निर्दिष्ट / अन्य', 10),
	(27, 1, 'धारा', 19),
	(28, 2, 'इनार', 19),
	(29, 3, 'कूवा', 19),
	(30, 1, 'ढल', 20),
	(31, 2, 'सेफ्टी ट्याङ्की', 20),
	(32, 3, 'दुबै', 20),
	(33, 1, 'मोटर (चार पाङ्ग्रे)', 21),
	(34, 2, 'अटो (तिनपाङग्रे)', 21),
	(35, 3, 'मोटर साइकल/स्कूटर', 21),
	(36, 4, 'साइकल/रिक्सा', 21),
	(37, 5, 'अन्य', 21),
	(38, 1, 'आर. सि. सि ढलान', 22),
	(39, 2, 'माटोको छाना', 22),
	(40, 3, 'जस्ता वा च्याटर छाना', 22),
	(41, 4, 'टायल वा ढुंगाको छाना', 22),
	(42, 5, 'अन्य', 22),
	(43, 1, 'माटो वा ढुंगा', 23),
	(44, 2, 'सिमेन्ट र ढुंगा', 23),
	(45, 3, 'फ्रेम स्ट्रकचर', 23),
	(46, 4, 'लोड वायरिङ्ग', 23),
	(47, 5, 'काठको खम्बा', 23),
	(48, 6, 'अन्य', 23),
	(49, 1, 'छ', 24),
	(50, 2, 'छैन', 24),
	(51, 1, 'घर', 25),
	(52, 2, 'गाई वस्तु', 25),
	(53, 3, 'खेतीपाती', 25),
	(54, 4, 'मानव', 25),
	(55, 5, 'छैन', 25),
	(56, 1, 'छ', 26),
	(57, 2, 'छैन', 26),
	(58, 1, 'छ', 27),
	(59, 2, 'छैन', 27),
	(60, 1, 'स्थानिय सरकार', 28),
	(61, 2, 'गैर-सरकारी संस्था', 28),
	(62, 3, 'गुठी', 28),
	(63, 4, 'छिमेकी', 28),
	(64, 1, 'बाढि वा डुवान', 30),
	(65, 2, 'पहिरो', 30),
	(66, 3, 'आगलागी', 30),
	(67, 4, 'दुरघटना (सडक)', 30),
	(68, 5, 'भुकम्प', 30),
	(69, 6, 'धुवा-धुलो', 30),
	(70, 7, 'महामारी', 30),
	(71, 1, 'छ', 31),
	(72, 2, 'छैन', 31),
	(73, 1, 'गल्फ', 32),
	(74, 2, 'युरोप', 32),
	(75, 3, 'एशिया', 32),
	(76, 4, 'अन्य', 32),
	(77, 5, 'छैन', 32),
	(78, 1, 'अष्ट्रेलिया', 33),
	(79, 2, 'यु . के .', 33),
	(80, 3, 'यु . एस . ए.', 33),
	(81, 4, 'जापान', 33),
	(82, 5, 'चीन', 33),
	(83, 1, 'दैनिक ज्यालादारी', 34),
	(84, 2, 'कलकारखाना मजदुर', 34),
	(85, 3, 'यातायात मजदुर', 34),
	(86, 4, 'उत्पादक मजदुर', 34),
	(87, 5, 'घरेलु कामदार', 34),
	(88, 6, 'अन्य', 34),
	(89, 7, 'छैन', 34),
	(90, 1, 'मल बनाउने', 35),
	(91, 2, 'निजी संकलन', 35),
	(92, 3, 'नगरको गाडीमा पठाउने', 35),
	(93, 4, 'अन्य', 35),
	(94, 1, 'वद्मुत/बिजुली', 36),
	(95, 2, 'जेनेरेटर', 36),
	(96, 3, 'गोबर ग्याँस', 36),
	(97, 4, 'सोलार', 36),
	(98, 5, 'मट्टितेल', 36),
	(99, 6, 'इन्भटर अथवा ब्याट्री', 36),
	(100, 7, 'अन्य', 36),
	(101, 8, 'छैन', 36),
	(102, 1, 'एलपीग्यास', 37),
	(103, 2, 'मट्टितेल', 37),
	(104, 3, 'दाउरा', 37),
	(105, 4, 'विद्मुत', 37),
	(106, 1, 'टेलिफोन', 38),
	(107, 2, 'इन्टरनेट', 38),
	(108, 3, 'मोबाईल', 38),
	(109, 4, 'टेलिभिजन', 38),
	(110, 5, 'रेडियो', 38),
	(111, 6, 'अन्य', 38),
	(112, 7, 'छैन', 38),
	(113, 1, '१ रोपनी भन्दा कम', 39),
	(114, 2, '१-५ रोपनी', 39),
	(115, 3, '५-१० रोपनी', 39),
	(116, 4, '१० रोपनी भन्दा माथी', 39),
	(117, 1, '१,००,०००/- भन्दा कम', 40),
	(118, 2, '१,००,००१/- देखि २,५०,०००/-', 40),
	(119, 3, '२,५०,००१/- देखि ४,००,०००/-', 40),
	(120, 4, '४,००,००१/- देखि ६,००,०००/-', 40),
	(121, 5, '६,००,००१/- देखि ८,००,०००/-', 40),
	(122, 6, '८,००,००१/- भन्दा माथि', 40),
	(123, 1, '१,००,०००/- भन्दा कम', 41),
	(124, 2, '१,००,००१/- देखि २,५०,०००/-', 41),
	(125, 3, '२,५०,००१/- देखि ४,००,०००/-', 41),
	(126, 4, '४,००,००१/- देखि ६,००,०००/-', 41),
	(127, 5, '६,००,००१/- देखि ८,००,०००/-', 41),
	(128, 6, '८,००,००१/- भन्दा माथि', 41),
	(129, 1, 'गाई', 42),
	(130, 2, 'भैँसी', 42),
	(131, 3, 'गोरु', 42),
	(132, 4, 'बाख्रा', 42),
	(133, 5, 'बोका', 42),
	(134, 6, 'भेडा', 42),
	(135, 7, 'च्याङग्रा', 42),
	(136, 8, 'कुकुर', 42),
	(137, 9, 'हाँस', 42),
	(138, 10, 'कुखुरा', 42),
	(139, 11, 'कालिज', 42),
	(140, 12, 'टर्की', 42),
	(141, 1, '३ महिना', 43),
	(142, 2, '४-६ महिना', 43),
	(143, 3, '७-९ महिना', 43),
	(144, 4, '९ महिना भन्दा बढी', 43),
	(145, 1, 'छ', 44),
	(146, 2, 'छैन', 44),
	(147, 1, 'शारीरिक अपाङ्गता', 52),
	(148, 2, 'दृष्टिविहिन र न्युन दृष्टिविहिन', 52),
	(149, 3, 'बोल्न नसक्ने', 52),
	(150, 4, 'सुस्त श्रवण', 52),
	(151, 5, 'मानसिक अपाङ्गता', 52),
	(152, 6, 'श्रवण र दृष्टिविहिन (दुवै)', 52),
	(153, 7, 'अन्य', 52),
	(154, 8, 'छैन', 52),
	(155, 1, 'शारीरिक अपाङ्गता', 53),
	(156, 2, 'दृष्टिविहिन र न्युन दृष्टिविहिन', 53),
	(157, 3, 'बोल्न नसक्ने', 53),
	(158, 4, 'सुस्त श्रवण', 53),
	(159, 5, 'मानसिक अपाङ्गता', 53),
	(160, 6, 'श्रवण र दृष्टिविहिन (दुवै)', 53),
	(161, 7, 'अन्य', 53),
	(162, 8, 'छैन', 53),
	(163, 1, 'लामा, धामी, झाँऋी', 54),
	(164, 2, 'परंपरागत वैद्य', 54),
	(165, 3, 'स्वास्थ्य चौकी', 54),
	(166, 4, 'निजी अस्पताल', 54),
	(167, 5, 'सरकारी अस्पताल', 54),
	(168, 1, 'बालक', 55),
	(169, 2, 'बालिका', 55),
	(170, 3, 'छैन', 55),
	(171, 1, 'बालक', 56),
	(172, 2, 'बालिका', 56),
	(173, 3, 'छैन', 56),
	(174, 1, 'गाली', 57),
	(175, 2, 'कुटपीट', 57),
	(176, 3, 'खानामा बन्देज', 57),
	(177, 4, 'कोठामा थुन्ने', 57),
	(178, 5, 'सम्झाउने', 57),
	(179, 6, 'अन्य', 57),
	(180, 1, 'छ', 58),
	(181, 2, 'छैन', 58),
	(182, 1, 'छ', 59),
	(183, 2, 'छैन', 59),
	(184, 3, 'थाहा छैन', 59),
	(185, 1, 'दाईजोसम्बन्धी', 60),
	(186, 2, 'वहुविवाह', 60),
	(187, 3, 'घरायसी हिंसा', 60),
	(188, 4, 'बालविवाह', 60),
	(189, 5, 'बलात्कार', 60),
	(190, 6, 'महिला/बालबालिका बेचबिखन', 60),
	(191, 7, 'कुनै पनि घटना नघटेको', 60),
	(192, 1, 'छ', 61),
	(193, 2, 'छैन', 61),
	(194, 1, 'व्यवसायको लागि', 62),
	(195, 2, 'परिवारको लागि', 62),
	(196, 1, 'छ', 63),
	(197, 2, 'छैन', 63),
	(198, 1, 'बधुवा', 64),
	(199, 2, 'चरन', 64),
	(200, 1, 'छ', 65),
	(201, 2, 'छैन', 65),
	(202, 1, 'समुहमा', 66),
	(203, 2, 'सहकारीमा', 66),
	(204, 1, 'आफ्नै (आना)', 67),
	(205, 2, 'भाडामा (आना)', 67),
	(206, 1, 'पक्की', 68),
	(207, 3, 'टहरो', 68),
	(208, 1, 'दाना', 69),
	(209, 2, 'घाँस', 69),
	(210, 3, 'पराल', 69),
	(211, 4, 'भुस', 69),
	(212, 1, 'परिवारको (सङ्ख्या)', 70),
	(213, 2, 'अन्य (सङ्ख्या)', 70),
	(214, 1, 'छ', 73),
	(215, 2, 'छैन', 73),
	(216, 1, 'स्थायी जन्म', 74),
	(217, 2, 'बसाइसराइ', 74),
	(218, 1, 'छ', 76),
	(219, 2, 'छैन', 76),
	(220, 1, 'छ', 77),
	(221, 2, 'छैन', 77),
	(222, 1, 'आफ्नै (आना) ', 78),
	(223, 2, 'भाडामा (आना) ', 78),
	(224, 1, 'कृषक समुह', 79),
	(225, 2, 'कृषि सहकारी', 79),
	(226, 3, 'छैन', 79),
	(227, 1, 'धान', 80),
	(228, 2, 'मकै', 80),
	(229, 3, 'गहु', 80),
	(230, 4, 'कोदो', 80),
	(231, 5, 'जौ', 80),
	(232, 6, 'फापर', 80),
	(233, 1, 'तेलहन', 81),
	(234, 2, 'आलु', 81),
	(235, 3, 'उखु', 81),
	(236, 4, 'चिया', 81),
	(237, 5, 'कफि', 81),
	(238, 6, 'अलैँचि', 81),
	(239, 7, 'अदुवा', 81),
	(240, 8, 'प्याज', 81),
	(241, 9, 'लसुन', 81),
	(242, 10, 'बेसार', 81),
	(243, 1, 'मुसुरो', 82),
	(244, 2, 'चना', 82),
	(245, 3, 'भटमास', 82),
	(246, 4, 'मास', 82),
	(247, 5, 'गहत', 82),
	(248, 6, 'अन्य', 82),
	(249, 1, 'सुन्तला', 83),
	(250, 2, 'कागति', 83),
	(251, 3, 'हलुवावेद', 83),
	(252, 4, 'लप्सी', 83),
	(253, 5, 'किवी', 83),
	(254, 6, 'नास्पाती', 83),
	(255, 7, 'अम्बा', 83),
	(256, 8, 'स्ट्रोबेरी', 83),
	(257, 1, 'गोलभेडा', 84),
	(258, 2, 'काउली', 84),
	(259, 3, 'बोडी, सिमी', 84),
	(260, 4, 'भन्टा', 84),
	(261, 5, 'केराउ', 84),
	(262, 6, 'बन्दा', 84),
	(263, 7, 'कुरीलो', 84),
	(264, 8, 'करेला', 84),
	(265, 9, 'साग(रायो, पालुङ्ग)', 84),
	(266, 10, 'मुला', 84),
	(267, 11, 'काँक्रो', 84),
	(268, 12, 'गाँजर', 84),
	(269, 13, 'फर्सि, लौका, घिरौला', 84),
	(270, 14, 'डल्ले खुर्सानी', 84),
	(271, 1, 'पुष्प खेति', 85),
	(272, 2, 'कन्ये च्याउ', 85),
	(273, 3, 'गोब्रे च्याउ', 85),
	(274, 4, 'सिताके च्याउ', 85),
	(275, 5, 'अन्य', 85),
	(276, 1, 'छ', 86),
	(277, 2, 'छैन', 86),
	(278, 1, 'छ', 87),
	(279, 2, 'छैन', 87),
	(280, 1, 'आफ्नै (आना)', 88),
	(281, 2, 'भाडामा (आना)', 88),
	(282, 1, 'छ', 89),
	(283, 2, 'छैन', 89),
	(284, 1, 'सेरेना', 90),
	(285, 2, 'मेलिफेरा', 90),
	(286, 1, 'परिवारका सदस्य', 92),
	(287, 2, 'अन्य', 92),
	(288, 3, 'छैन', 62),
	(289, 3, 'छैन', 64),
	(290, 3, 'छैन', 66),
	(291, 3, 'छैन', 67),
	(292, 2, 'कच्ची', 68),
	(293, 4, 'छैन', 68),
	(294, 5, 'छैन', 69),
	(295, 3, 'छैन', 70),
	(296, 7, 'छैन', 80),
	(297, 11, 'छैन', 81),
	(298, 7, 'छैन', 82),
	(299, 9, 'अन्य', 83),
	(300, 15, 'अन्य', 84),
	(301, 6, 'छैन', 85),
	(302, 3, 'छैन', 88),
	(303, 3, 'छैन', 90),
	(304, 3, 'छैन', 92),
	(305, 3, 'अस्थायी', 74),
	(306, 4, 'बसाइसराइ नभएको', 74),
	(307, 1, 'निजी', 93),
	(308, 2, 'भाडामा', 93),
	(309, 3, 'संस्थागत', 93),
	(310, 4, 'अन्य', 93),
	(311, 4, 'मूलधारा', 19),
	(312, 5, 'ट्युवेल/हाते पम्प', 19),
	(313, 6, 'अन्य', 19),
	(314, 1, 'आंशिक', 94),
	(315, 2, 'सबै', 94),
	(316, 1, 'कम्बोर्ट (फ्लस चर्पी)', 95),
	(317, 2, 'साधारण चर्पी', 95),
	(318, 3, 'दुबै', 95),
	(319, 6, 'थाइल्यान्ड', 33),
	(320, 7, 'फिनल्याण्ड', 33),
	(321, 8, 'नर्वे', 33),
	(322, 9, 'अन्य', 33),
	(323, 10, 'छैन', 33),
	(324, 5, 'अन्य', 37),
	(325, 1, 'एयर कण्डीसनर', 96),
	(326, 2, 'रेफ्रिजेरेटर', 96),
	(327, 3, 'वासिन मेसिन', 96),
	(328, 4, 'अन्य', 96),
	(329, 5, 'आफ्नै परिवार', 28),
	(330, 6, 'स्थानीय समूह', 28),
	(331, 7, 'अन्य', 28),
	(332, 6, 'अन्य', 54),
	(333, 10, 'छैन', 83),
	(334, 15, 'छैन', 84),
	(335, 13, 'बंगुर', 42),
	(336, 14, 'अन्य', 42),
	(337, 15, 'छैन', 42),
	(338, 4, 'छैन', 20),
	(339, 4, 'छैन', 95),
	(340, 6, 'छैन', 21),
	(341, 1, 'ब्युटीपालर', 97),
	(342, 2, 'मासु पसल', 97),
	(343, 3, 'खुद्रा पसल', 97),
	(344, 4, 'किराना पसल', 97),
	(345, 5, 'जुत्ता पसल', 97),
	(346, 6, 'होटल', 97),
	(347, 7, 'खाजा पसल', 97),
	(348, 8, 'मिनि मार्ट', 97),
	(349, 9, 'रेस्टुरेन्ट', 97),
	(350, 10, 'फलफुल पसल', 97),
	(351, 11, 'फार्मेसी', 97),
	(352, 12, 'किलनिक', 97),
	(353, 13, 'विद्यालय', 97),
	(354, 14, 'तरकारी पसल', 97),
	(355, 15, 'डेयरी पसल', 97),
	(356, 16, 'अन्य', 97),
	(357, 1, 'नेपाली', 98),
	(358, 2, 'मैथिली', 98),
	(359, 3, 'भोजपुरी', 98),
	(360, 4, 'थारु', 98),
	(361, 5, 'तामाङ', 98),
	(362, 6, 'नेवार', 98),
	(363, 7, 'मगर', 98),
	(364, 8, 'बज्जिका', 98),
	(365, 9, 'उर्दु', 98),
	(366, 10, 'अवाधी', 98),
	(367, 11, 'लिम्बु', 98),
	(368, 12, 'गुरुङ', 98),
	(369, 13, 'अन्य', 98),
	(370, 1, 'नेपाली', 99),
	(371, 2, 'मैथिली', 99),
	(372, 3, 'भोजपुरी', 99),
	(373, 4, 'थारु', 99),
	(374, 5, 'तामाङ', 99),
	(375, 6, 'नेवार', 99),
	(376, 7, 'मगर', 99),
	(377, 8, 'बज्जिका', 99),
	(378, 9, 'उर्दु', 99),
	(379, 10, 'अवाधी', 99),
	(380, 11, 'लिम्बु', 99),
	(381, 12, 'गुरुङ', 99),
	(382, 13, 'अन्य', 99);
	

INSERT INTO `question` (`id`, `indx`, `question_id`, `description`, `group`, `required`, `type_id`, `form_id`, `reportable`) VALUES
	(1, 1, 'Owner_name', 'घरमूलीको नाम', 'घर विवरण', 2, 3, 1, b'0'),
	(2, 2, 'Tole', 'टोल', 'घर विवरण', 2, 3, 1, b'0'),
	(3, 3, 'resident_ward_no', 'वडा नं', 'घर विवरण', 2, 15, 1, b'0'),
	(4, 4, 'House_no', 'घर नं', 'घर विवरण', 2, 4, 1, b'0'),
	(5, 5, 'Phone_no', 'फोन नं', 'घर विवरण', 1, 4, 1, b'0'),
	(6, 6, 'Father_name', 'बुबाको नाम', 'घर विवरण', 2, 3, 1, b'0'),
	(7, 7, 'Mother_name', 'आमाको नाम', 'घर विवरण', 2, 3, 1, b'0'),
	(8, 8, 'Mother_togue', 'पुर्खोली भाषा', 'घर विवरण', 2, 13, 1, b'1'),
	(9, 11, 'Caste', 'जाति', 'घर विवरण', 2, 13, 1, b'1'),
	(10, 12, 'Religion', 'धर्म', 'घर विवरण', 2, 13, 1, b'1'),
	(11, 14, 'Citizenship_no', 'नागरिकता नं', 'घर विवरण', 2, 3, 1, b'0'),
	(12, 15, 'citizenship_district', 'नागरिकता लिएको जिल्ला', 'घर विवरण', 2, 14, 1, b'0'),
	(13, 16, 'kitta_number', 'कित्ता नं', 'घर विवरण', 2, 4, 1, b'0'),
	(14, 17, 'house_count', 'घर संख्या', 'घर विवरण', 2, 4, 1, b'0'),
	(15, 21, 'business_name', 'व्यवसायको नाम', 'घर विवरण', 1, 3, 1, b'0'),
	(16, 23, 'businessman_name', 'व्यवसायीको नाम', 'घर विवरण', 1, 3, 1, b'0'),
	(17, 24, 'business_phone_no', 'व्यवसायीको फोन नं', 'घर विवरण', 1, 4, 1, b'0'),
	(18, 18, 'house_storey', 'घरको तल्ला', 'घर विवरण', 2, 4, 1, b'0'),
	(19, 27, 'water', 'खानेपानीको स्रोत', 'घर विवरण', 2, 1, 1, b'0'),
	(20, 28, 'outlet', 'निकास', 'घर विवरण', 2, 1, 1, b'0'),
	(21, 31, 'vehicle', 'सवारी साधन', 'घर विवरण', 2, 12, 1, b'1'),
	(22, 19, 'Roof_type', 'घरको छानाको प्रकार', 'घर विवरण', 2, 2, 1, b'0'),
	(23, 20, 'foundation_type', 'घरको जगको प्रकार', 'घर विवरण', 2, 2, 1, b'0'),
	(24, 42, 'EQ_proof', 'घर भुकम्प प्रतिरोधात्मक', 'जोखिम', 2, 2, 1, b'0'),
	(25, 43, 'EQ_Effect', 'तपाईको घर वा परिवारलाई २०७२ सालको भुकम्पले के-कस्तो क्षेती पुर्यायो?', 'जोखिम', 2, 1, 1, b'0'),
	(26, 44, 'Re_construction', 'घर क्षती भएको भए पुनः निर्माण गर्नु भयो?', 'जोखिम', 1, 2, 1, b'0'),
	(27, 45, 'Risk_type', 'तपाईको घर परिवारलाई अहिले कुनै प्रकारको जोखिम छ?', 'जोखिम', 2, 9, 1, b'0'),
	(28, 46, 'Rescuer_first', 'जोखिमको समयमा सबैभन्दा पहिलो उद्धार कसले गरेको थियो?', 'जोखिम', 2, 2, 1, b'0'),
	(29, 47, 'Risk_type_5yrs', 'पछिल्लो ५ वर्षमा तपाईको घर परिवारले कस्तो किसिमका जोखिम सामना गर्नु पर्यो?', 'जोखिम', 1, 3, 1, b'0'),
	(30, 48, 'Risks_rating', 'तपाईको विचारमा यस क्षेत्रमा तलका मध्ये कुन-कुन जोखिमको खतरा उच्च छ? (१ देखि ७ सम्म स्तरीकरण गर्नुहोस्। १ लाई उच्च र ७ लाई न्युन जोखिम मान्नुहोस्) ', 'जोखिम', 2, 10, 1, b'0'),
	(31, 49, 'Risk_precautions', 'भविष्यमा हुन सक्ने जोखिम नियन्त्रणको लागि के-कस्तो पुर्व तयारी गर्नु भएको छ?', 'जोखिम', 2, 9, 1, b'0'),
	(32, 32, 'Foreign_employment', 'वैदेशिक रोजगार', 'घर विवरण', 2, 12, 1, b'1'),
	(33, 33, 'Foreign_education', 'वैदेशिक अध्ययन', 'घर विवरण', 2, 12, 1, b'1'),
	(34, 50, 'child_labour', '१६ वर्ष सम्मका बालबालिका अन्य ठाँउमा काम गर्न गएका छन्?', 'बालबालिका', 2, 1, 1, b'0'),
	(35, 35, 'waste_management', 'घरबाट उत्पादन भएको फोहोरको ब्यबस्था', 'घर विवरण', 2, 1, 1, b'1'),
	(36, 30, 'electricity', 'बत्ती', 'घर विवरण', 2, 1, 1, b'0'),
	(37, 34, 'cooking_fuel', 'खाना पकाउन पर्योग हुने इन्धन', 'घर विवरण', 2, 1, 1, b'1'),
	(38, 36, 'communication_devices', 'सञ्चार सुविधा', 'घर विवरण', 2, 1, 1, b'0'),
	(39, 38, 'Houseland_info', 'घर जग्गाको विवरण', 'घर विवरण', 2, 2, 1, b'0'),
	(40, 39, 'annual_income', 'वार्षिक आम्दानी', 'घर विवरण', 2, 2, 1, b'1'),
	(41, 40, 'annual_expense', 'वार्षिक खर्च', 'घर विवरण', 2, 2, 1, b'1'),
	(42, 84, 'cattles', 'चौपाया तथा पशुपंक्षी', 'पशुपन्छी', 2, 12, 1, b'1'),
	(43, 41, 'production_lasting_time', 'आफ्नो उत्पादन तथा आय स्रोतले कति महिना खान पुग्छ?', 'घर विवरण', 2, 2, 1, b'0'),
	(44, 79, 'agr_aanual_expense', 'कृषि गर्नको लागि बार्षिक खर्च कति लाग्छ?', 'कृषि', 1, 4, 1, b'0'),
	(45, 80, 'agr_annual_income', 'कृषिबाट बार्षिक आम्दानी कति जति हुन्छ?', 'कृषि', 1, 4, 1, b'0'),
	(46, 94, 'citizenship_photo', 'नागरिकताको फोटो', 'अन्य', 1, 7, 1, b'0'),
	(47, 95, 'relationship_proof_photo', 'नाता प्रमाण-पत्रको फोटो', 'अन्य', 1, 7, 1, b'0'),
	(48, 96, 'building_map_photo', 'पास भएको घरको नक्साको फोटो', 'अन्य', 1, 7, 1, b'0'),
	(49, 97, 'other_document_photo', 'अन्य कागजातको फोटो', 'अन्य', 1, 7, 1, b'0'),
	(50, 98, 'gps_info', 'GPS co-ordinate', 'अन्य', 1, 6, 1, b'0'),
	(51, 99, 'house_owner_photo', 'Photo of house owner', 'अन्य', 2, 7, 1, b'0'),
	(52, 51, 'physical_mental_male', 'तपाईको परिवारमा १८ वर्षभन्दा कम उमेरका भिन्न शारीरिक तथा मानसिक क्षमता भएका(अपाङ्ग) सदस्यहरु (बालक)', 'बालबालिका', 2, 12, 1, b'1'),
	(53, 52, 'physical_mental_female', 'तपाईको परिवारमा १८ वर्षभन्दा कम उमेरका भिन्न शारीरिक तथा मानसिक क्षमता भएका(अपाङ्ग) सदस्यहरु (बालिका)', 'बालबालिका', 2, 12, 1, b'1'),
	(54, 53, 'primary_health_service', 'परिवारको कुनै सदस्य विरामी भएमा उपचारका लागि सबैभन्दा पहिला कहाँ जानुहुन्छ?', 'बालबालिका', 2, 2, 1, b'1'),
	(55, 54, 'school_leaving_children', 'बिचैमा विद्यालय जान छोडेका ६ - १५ वर्ष उमेर समुहका बालबालिकाहरुका संख्या', 'बालबालिका', 2, 12, 1, b'1'),
	(56, 55, 'playgroup_children', 'बाल विकास केन्द्र वा पुर्व प्रा.वि. तहमा जाने ३ देखि ५ वर्षसम्मका बालबालिका संख्या', 'बालबालिका', 2, 12, 1, b'1'),
	(57, 56, 'children_mistake', 'तपाईको परिवारमा बालबालिकाले गल्ति गरेमा के गर्नु हुन्छ?', 'बालबालिका', 2, 1, 1, b'1'),
	(58, 57, 'children_street', 'तपाईको परिवारका कुनै बालबालिका सडक बालबालिकाको रुपमा रहेका छन्?', 'बालबालिका', 2, 2, 1, b'0'),
	(59, 58, 'children_school_disabilities', 'तपाईको परिवारका बालबालिका पढ्ने विद्यालायमा भिन्न शारीरिक क्षमता भएका विद्यार्थीका लागि विशेष शिक्षाको सुविधा छ?', 'बालबालिका', 2, 2, 1, b'0'),
	(60, 59, 'violence_women_children', 'एक वर्षभित्र तपाईको परिवारमा महिला तथा बालबालिका उपर हिंसा सम्बन्धी निम्न कुनै घटना घटेका छन/छैनन्?', 'बालबालिका', 2, 1, 1, b'1'),
	(61, 60, 'child_mortality_les_5_year', 'बितेको १ वर्षभित्र तपाईको परिवारमा ५ वर्षमुनिका कुनै बालबालिकाको मृत्यु भएको छ?', 'बालबालिका', 2, 9, 1, b'1'),
	(62, 81, 'animal_husbandary_reason', 'पशुपन्छी पालेकोः', 'पशुपन्छी', 1, 2, 1, b'0'),
	(63, 82, 'husbandary_registered', 'व्यवसाय दर्ता भएको', 'पशुपन्छी', 1, 2, 1, b'0'),
	(64, 83, 'animals_type', 'पशुपन्छी पालनको किसिम', 'पशुपन्छी', 1, 1, 1, b'0'),
	(65, 85, 'animal_vaccination', 'पशुपन्छीलाई रोग विरुद्ध खोप लगाउनु भएको', 'पशुपन्छी', 1, 2, 1, b'0'),
	(66, 86, 'animal_group_involvement', 'पशुपन्छी पालन समुहमा आवद्धताः', 'पशुपन्छी', 1, 1, 1, b'0'),
	(67, 87, 'husbandary_land_details', 'व्यवसाय गर्न प्रयोग भएको जग्गाको विवरणः', 'पशुपन्छी', 1, 12, 1, b'0'),
	(68, 88, 'barn_type', 'गोठको प्रकार', 'पशुपन्छी', 1, 2, 1, b'0'),
	(69, 89, 'animal_food', 'पशुपन्छीलाई आवश्यक खाद्यान्न ', 'पशुपन्छी', 1, 1, 1, b'0'),
	(70, 90, 'animal_workers', 'काम गर्ने कर्मचारीहरु', 'पशुपन्छी', 1, 12, 1, b'0'),
	(71, 91, 'husbandary_annual_expense', 'पशुपन्छी पालनमा जम्मा वार्षिक खर्च', 'पशुपन्छी', 1, 4, 1, b'0'),
	(72, 92, 'husbandary_annual_income', 'पशुपन्छी पालनबाट वार्षिक आम्दानी', 'पशुपन्छी', 1, 4, 1, b'0'),
	(73, 93, 'animal_insurance', 'पशु बिमा गर्नुभएको ', 'पशुपन्छी', 1, 2, 1, b'0'),
	(74, 13, 'permanent_address', 'स्थायी ठेगाना ', 'घर विवरण', 2, 2, 1, b'1'),
	(75, 61, 'business_firm_name', 'व्यवसाय फार्मको नाम ', 'कृषि', 1, 3, 1, b'0'),
	(76, 62, 'firm_registered', 'व्यवसाय फार्म दर्ता गरेको', 'कृषि', 1, 2, 1, b'0'),
	(77, 63, 'crop_insurance', 'बाली बिमा गरेको', 'कृषि', 1, 2, 1, b'0'),
	(78, 64, 'agriculture_land_ownership', 'कृषि गर्न प्रयोग भएको जग्गाः ', 'कृषि', 1, 12, 1, b'0'),
	(79, 65, 'agr_group_involvement', 'व्यवसाय फार्म कुनै समुहमा आवद्ध भएको  ', 'कृषि', 1, 2, 1, b'0'),
	(80, 66, 'food_crops', 'खाद्दान्न बाली', 'कृषि', 1, 1, 1, b'1'),
	(81, 67, 'cash_crops', 'नगदे बाली', 'कृषि', 1, 1, 1, b'1'),
	(82, 68, 'daha_crops', 'दह बाली', 'कृषि', 1, 1, 1, b'1'),
	(83, 69, 'fruits', 'फलफुल', 'कृषि', 1, 1, 1, b'1'),
	(84, 70, 'veggies', 'तरकारी बाली', 'कृषि', 1, 1, 1, b'1'),
	(85, 71, '‍shrooms', 'अन्य बाली (पुष्प खेति, च्याउ)', 'कृषि', 1, 1, 1, b'1'),
	(86, 72, '‍non_seasonal_crops', 'बेमौसमी खेति गरिऐको बालि', 'कृषि', 2, 9, 1, b'0'),
	(87, 73, '‍plastic_house', 'प्लाष्टिक घर बनाएको(छ भने सङ्ख्या) ', 'कृषि', 2, 12, 1, b'0'),
	(88, 74, '‍non_seasonal_agr_land', 'बेमौसमी खेति गरिएको जग्गा ', 'कृषि', 1, 12, 1, b'0'),
	(89, 75, '‍bee_keeping', 'मौरीपालन गर्नु भएको छ? (भए मौरीघार कति) ', 'कृषि', 1, 12, 1, b'0'),
	(90, 76, '‍bee_species', 'मौरीपालन कुन जातकोः ', 'कृषि', 1, 1, 1, b'0'),
	(91, 77, '‍annual_honey_production', 'वार्षिक मह उत्पादन (के.जी)', 'कृषि', 1, 4, 1, b'0'),
	(92, 78, '‍agr_manpower_number', 'काम गर्ने कर्मचारीहरु कति छन ? ', 'कृषि', 1, 12, 1, b'0'),
	(93, 25, 'house_ownership', 'तपाईको परिवारले बसोबास गरेको घरको स्वामित्व कस्को हो?', 'घर विवरण', 1, 1, 1, b'0'),
	(94, 26, 'house_room_usage', 'तपाईको परिवारले कति कोठा प्रयोग गरेको छ ?', 'घर विवरण', 1, 1, 1, b'0'),
	(95, 29, 'latrine', 'चर्पी', 'घर विवरण', 1, 1, 1, b'0'),
	(96, 37, 'additional_facilities', 'अन्य सुविधाहरु', 'घर विवरण', 2, 1, 1, b'0'),
	(97, 22, 'business_type', 'व्यवसायको किसिम', 'घर विवरण', 1, 1, 1, b'0'),
	(98, 9, 'primary_language', 'पहिलो भाषा', 'घर विवरण', 2, 13, 1, b'0'),
	(99, 10, 'secondary_language', 'दोस्रो भाषा', 'घर विवरण', 1, 13, 1, b'0');


INSERT INTO `family_relation` (`relation_id`, `relation_nepali`, `relation_english`) VALUES
	(1, 'आफु', 'Self'),
	(2, 'हजुर बुबा', 'Grandfather'),
	(3, 'हजुर आमा', 'Grandmother'),
	(4, 'बुबा', 'Father'),
	(5, 'आमा', 'Mother'),
	(6, 'श्रीमान', 'Husband'),
	(7, 'श्रीमती', 'Wife'),
	(8, 'छोरा', 'Son'),
	(9, 'छोरी', 'Daughter'),
	(10, 'नाति', 'Grandson'),
	(11, 'नातिनी', 'Granddaughter'),
	(12, 'दाइ', 'Brother(elder)'),
	(13, 'भाइ', 'Brother(younger)'),
	(14, 'दिदी', 'Sister(elder)'),
	(15, 'बहिनी', 'Sister(younger)'),
	(16, 'बुहारी', 'Daughter-in-law'),
	(17, 'ज्वाँइ', 'Son-in-law'),
	(18, 'भाउजु', 'Sister-in-law'),
	(19, 'भान्जा ', 'Nephew (Maternal)'),
	(20, 'भान्जी', 'Niece (Maternal)'),
	(21, 'भतिजा', 'Nephew (Paternal)'),
	(22, 'भतिजी', 'Niece (Paternal)'),
	(23, 'सासु', 'Mother-in-law'),
	(24, 'ससुरा', 'Father-in-law'),
	(25, 'अन्य', 'other');


	INSERT INTO `academic_qualification` (`qualification_id`, `qualification_nep`, `qualification_eng`) VALUES
	(1, 'पिएचडि', 'phd'),
	(2, 'एमफिल', 'mphil'),
	(3, 'मास्टर डिग्री(स्नातकोत्तर)', 'masters'),
	(4, 'स्नातक', 'bachelors'),
	(5, 'उच्च विद्यालय', 'high school'),
	(6, 'माध्यामिक', 'secondary'),
	(7, 'तल्लो माध्यामिक', 'lower secondary'),
	(8, 'प्राथमिक', 'primary'),
	(9, 'सामान्य शिक्षा', 'literate'),
	(10, 'असाक्षर', 'Iliterate');


	INSERT INTO `gender` (`gender_id`, `gender_english`, `gender_nepali`) VALUES
	(1, 'Male', 'पुरुष'),
	(2, 'Female', 'महिला'),
	(3, 'Other', 'अन्य');
	
	
	INSERT INTO `districts` (`district_id`, `district_name_eng`, `district_name_nep`) VALUES 
	(1,'Achham','अछाम'),
	(2,'Arghakhanchi','अर्घाखाँची'),
	(3,'Baglung','बागलुङ'),
	(4,'Baitadi','बैतडी'),
	(5,'Bajhang','बझाङ'),
	(6,'Bajura','बाजुरा '),
	(7,'Banke','बाँके'),
	(8,'Bara','बारा'),
	(9,'Bardiya','बर्दिया'),
	(10,'Bhaktapur','भक्तपुर'),
	(11,'Bhojpur','भोजपुर'),
	(12,'Chitwan','चितवन'),
	(13,'Dadeldhura','डडेलधुरा'),
	(14,'Dailekh','दैलेख'),
	(15,'Dang Deukhuri','दाङ देउखुरी'),
	(16,'Darchula','दार्चुला'),
	(17,'Dhading','धादिङ '),
	(18,'Dhankuta','धनकुटा'),
	(19,'Dhanusa','धनुषा'),
	(20,'Dolakha','दोलखा'),
	(21,'Dolpa','डोल्पा'),
	(22,'Doti','डोटी'),
	(23,'Gorkha','गोरखा'),
	(24,'Gulmi','गुल्मी'),
	(25,'Humla','हुम्ला'),
	(26,'Ilam','इलाम'),
	(27,'Jajarkot','जाजरकोट'),
	(28,'Jhapa','झापा'),
	(29,'Jumla','जुम्ला'),
	(30,'Kailali','कैलाली'),
	(31,'Kalikot','कालिकोट'),
	(32,'Kanchanpur','कंचनपुर '),
	(33,'Kapilvastu','कपिलवस्तु '),
	(34,'Kaski','कास्की'),
	(35,'Kathmandu','काठमाडौँ'),
	(36,'Kavrepalanchok','काभ्रेकाभ्रेपलान्चोक'),
	(37,'Khotang','खोटाँग'),
	(38,'Lalitpur','ललितपुर'),
	(39,'Lamjung','लमजुङ'),
	(40,'Mahottari','महोत्तरी'),
	(41,'Makwanpur','मकवानपुर'),
	(42,'Manang','मनाङ'),
	(43,'Morang','मोरंग'),
	(44,'Mugu','मुगु'),
	(45,'Mustang','मुस्ताङ'),
	(46,'Myagdi','म्याग्दी'),
	(47,'Nawalparasi East','नवलपरासी पूर्व'),
	(48,'Nawalparasi West','नवलपरासी पश्चिम'),
	(49,'Nuwakot','नुवाकोट'),
	(50,'Okhaldhunga','ओखलढुंगा'),
	(51,'Palpa','पाल्पा'),
	(52,'Panchthar','पांचथर'),
	(53,'Parbat','पर्वत'),
	(54,'Parsa','पर्सा'),
	(55,'Pyuthan','प्युठान'),
	(56,'Ramechhap','रामेछाप'),
	(57,'Rasuwa','रसुवा'),
	(58,'Rautahat','रौतहट'),
	(59,'Rolpa','रोल्पा'),
	(60,'Rukum East','रूकुम पूर्वी'),
	(61,'Rukum West','रूकुम पश्चिम'),
	(62,'Rupandehi','रुपन्देही'),
	(63,'Salyan','सल्यान '),
	(64,'Sankhuwasabha','संखुवासभा'),
	(65,'Saptari','सप्तरी'),
	(66,'Sarlahi','सर्लाही'),
	(67,'Sindhuli','सिन्धुली'),
	(68,'Sindhupalchok','सिन्धुपाल्चोक'),
	(69,'Siraha','सिराहा'),
	(70,'Solukhumbu','सोलुखुम्बू'),
	(71,'Sunsari','सुनसरी'),
	(72,'Surkhet','सुर्खेत'),
	(73,'Syangja','स्याङग्जा'),
	(74,'Tanahu','तनहुँ'),
	(75,'Taplejung','ताप्लेजुंग'),
	(76,'Tehrathum','तेह्रथुम'),
	(77,'Udayapur','उदयपुर');
	
	
INSERT INTO `ward` (`id`, `ward_number`, `location`, `name`, `ward_description`, `main_person`, `contact_no`, `building_image`) VALUES
	(1, 1, 'चाल्नाखेल', 'Ward No 1', 'xxxx', 'Mr. Jay Thapa Magar', '9851088766', '0'),
	(2, 2, 'ग्वाल्दह', 'Ward No 2', 'xxxx', 'Mr. Ram Chandra Chhetri', '9851046936', '0'),
	(3, 3, 'सेतीदेबी', 'Ward No 3', 'xxxx', 'Mr. Prachanda Man Singh Basnet', '9841608014', '0'),
	(4, 4, 'बाँसबारी', 'Ward No 4', 'xxxx', 'Mr. Puskar Khadka, Chairman', '9841646881', '0'),
	(5, 5, 'शेषनारायण', 'Ward No 5', 'xxxx', 'Mr. Shyam Bahadur Khatri', '9851109657', '0'),
	(6, 6, 'झम्केश्वरी', 'Ward No 6', 'xxxx', 'Mr. Shailesh Man Manandhar', '9841347499', '0'),
	(7, 7, 'गोपालेश्वर', 'Ward No 7', 'xxxx', 'Mr. Hari Prasad Timalsina', '9851196065', '0'),
	(8, 8, 'छैमले', 'Ward No 8', 'xxxx', 'Mr. Yosh Kumar Waiba', '9851078269', '0'),
	(9, 9, 'टल्कु', 'Ward No 9', 'xxxx', 'Mr. Amrika Balami', '9851018434', '0');


	INSERT INTO `favourite_place_type` (`type_id`, `place_type_nep`, `place_type_eng`) VALUES
	(1, 'मन्दिर', 'Temple'),
	(2, 'पार्क', 'Park'),
	(3, 'पोखरी', 'Pond'),
	(4, 'इनार/ पँधेरी', 'well/watches'),
	(5, 'स्तुपा/मूति', 'Statue'),
	(6, 'विद्यालय', 'School'),
	(7, 'संघ/संस्था', 'Organization'),
	(8, 'गुँठी', 'Guthi'),
	(9, 'अन्य', 'Other');
	
		
	INSERT INTO `marital_status` (`marital_status_id`, `marital_status_nep`, `marital_status_eng`) VALUES
	(1, 'विवाहित', 'Married'),
	(2, 'अविवाहित', 'Single'),
	(3, 'एकल महिला', 'Single Woman'),
	(4, 'एकल पुरुष', 'Single Man');
	
	INSERT INTO `differently_abled` (`id`, `differently_abled_nep`, `differently_abled_eng`) VALUES
	(1, 'शारीरिक', 'Physical'),
	(2, 'दृष्टि सम्बन्धी', 'Sight related'),
	(3, 'सुनाइ सम्बन्धी', 'Hearing Related'),
	(4, 'स्वर/बोलाइ सम्बन्धी', 'Voice Related'),
	(5, 'मानसिक', 'Mental'),
	(6, 'बहुअपाङ्गता', 'Multiple Disabilities'),
	(7, 'छैन', 'No');
	
	INSERT INTO `educational_institute` (`id`, `educational_institute_nep`, `educational_institute_eng`) VALUES
	(1, 'सामूदायिक/सरकारी', 'Community/Government'),
	(2, 'संस्थागत', 'Institutional'),
	(3, 'निजी', 'Private'),
	(4, 'छैन', 'No');
	
	INSERT INTO `health_status` (`id`, `health_status_nep`, `health_status_eng`) VALUES
	(1, 'मुटु रोग', 'Heart Disease'),
	(2, 'दम/श्वासप्रश्वास', 'Asthama/Respiratory'),
	(3, 'क्यान्सर', 'Cancer'),
	(4, 'मधुमेह (डायवेटिज)', 'Diabetes'),
	(5, 'मृगौला/कलेजोको रोग', 'Kidney/Liver Disease'),
	(6, 'स्त्री रोग', 'Gynecological Disease'),
	(7, 'अल्सर/आन्द्राको रोग', 'Ulcer/Intestinal Disease'),
	(8, 'उच्च/निम्न रक्तचाप', 'High/Low Blood Pressure'),
	(9, 'वाथ/इपिलेप्सी/पार्किन्सन', 'Voth/Epilepsy/Parkinson\'s'),
	(10, 'सू/अल्काइमर्स', 'Soo/Alzheimer\'s'),
	(11, 'अन्य दीर्घरोग', 'Other Chronic Diseases'),
	(12, 'सामान्य अवस्था', 'Normal Condition');
	
	INSERT INTO `occupation` (`id`, `occupation_nep`, `occupation_eng`) VALUES
	(1, 'रोजगार (निजी/सरकारी)', 'Employment (Private/Government)'),
	(2, 'व्यापार', 'Business'),
	(3, 'घरयासी', 'Homemaker'),
	(4, 'कृषी', 'Agriculture'),
	(5, 'अध्ययन', 'Studies'),
	(6, 'वैदेशिक रोजगार', 'Foreign Employment'),
	(7, 'परामर्शकर्ता', 'Consultant'),
	(8, 'छैन', 'No');
